,log loss scores,bayesian_optimization_time
LGBM classifier,0.6811404752677401,58
Ada boost,0.8791654869393893,3
Cat boost,0.7232695386358172,38
