,airport,mean_
0,heliport,1199.3771003119025
1,small_airport,1349.81139720298
2,seaplane_base,712.1670117322291
3,medium_airport,1059.3295871559633
4,large_airport,
